<?xml version="1.0" encoding="UTF-8" standalone="yes"?>
<addon id="repository.cantobumedia" name="Cantobu Media Repository" version="1.0.1" provider-name="phuoclv">
	<extension point="xbmc.addon.repository" name="Official XBMC.org Add-on Repository">
		<info compressed="true">https://github.com/phuoclv/repository.cantobumedia/blob/master/addons.xml</info>
		<checksum>https://github.com/phuoclv/repository.cantobumedia/blob/master/addons.xml.md5</checksum>
		<datadir zip="true">https://github.com/phuoclv/repository.cantobumedia</datadir>
	</extension>
	<extension point="xbmc.addon.metadata">
		<summary>Cantobu Media Entertainment</summary>
		<description>Download and install add-ons from Cantobu Media repository.</description>
		<language>en</language>
		<platform>all</platform>
		<source>https://github.com/phuoclv/repository.cantobumedia</source>		
	</extension>
</addon>
