﻿<?xml version="1.0" encoding="UTF-8" standalone="yes"?>
<addon id="plugin.video.hkn.zingtv" name="[COLOR green]*[/COLOR]Zing TV" version="1.0.0" provider-name="">
	<requires>
		<import addon="xbmc.python" version="2.6.0"/>
		<import addon="script.module.simplejson" optional="true"/>
		<import addon="script.common.plugin.cache" version="2.5.5"/>
	</requires>
	<extension point="xbmc.python.pluginsource" library="default.py" />
	<extension point="xbmc.addon.metadata">
		<summary lang="en"></summary>
		<description lang="en"></description>
		<disclaimer lang="en"></disclaimer>
		<platform>all</platform>
	</extension>
</addon>
