<?xml version="1.0" encoding="UTF-8" standalone="yes"?>
<addon id="repository.cantobumedia" name="Cantobu Media Repository" version="1.0.0" provider-name="phuoclv">
	<requires>
		<import addon="xbmc.addon" version="12.0.0"/>
	</requires>
	<extension point="xbmc.addon.repository" name="Official XBMC.org Add-on Repository">
		<dir>
			<info compressed="true">https://raw.github.com/phuoclv/repository.cantobumedia/master/addons.xml</info>
			<checksum>https://raw.github.com/phuoclv/repository.cantobumedia/master/addons.xml.md5</checksum>
			<datadir zip="true">https://raw.github.com/phuoclv/repository.cantobumedia/master</datadir>
		</dir>		
		<info compressed="true">http://cantobushop.com/phuoclv/addons.xml</info>
		<checksum>http://cantobushop.com/phuoclv/addons.xml.md5</checksum>
		<datadir zip="true">http://cantobushop.com/phuoclv/</datadir>		
	</extension>
	<extension point="xbmc.addon.metadata">
		<summary>Cantobu Media Entertainment</summary>
		<description>Download and install add-ons from Cantobu Media repository.</description>
		<language>en</language>
		<platform>all</platform>
		<source>https://github.com/phuoclv/repository.cantobumedia</source>		
	</extension>
</addon>
