<?xml version="1.0" encoding="UTF-8" standalone="yes"?>
<addon id="repository.cantobumedia" name="Cantobu Media Repository" version="1.0.0" provider-name="phuoclv">
	<extension point="xbmc.addon.repository" name="Official XBMC.org Add-on Repository">
		<info compressed="true">https://raw.githubusercontent.com/phuoclv/repository.cantobumedia/master/addons.xml</info>
		<checksum>https://raw.githubusercontent.com/phuoclv/repository.cantobumedia/master/addons.xml.md5</checksum>
		<datadir zip="true">https://raw.githubusercontent.com/phuoclv/repository.cantobumedia/master</datadir>
		<hashes>true</hashes>
	</extension>
	<extension point="xbmc.addon.metadata">
		<summary>Cantobu Media Entertainment</summary>
		<description>Giải trí trên XBMC/Kodi được viết lại dựa trên addon ITV Plus của tác giả itv member, XShare (thaitni), VietMedia (tinhyeu44), ...</description>
		<disclaimer>Tất cả nội dung được lấy từ Internet - Tôi hoàn toàn không chịu trách nhiệm về bản quyền hay độ ổn định của chương trình</disclaimer>
		<platform>all</platform>
	</extension>
</addon>
