﻿<?xml version="1.0" encoding="UTF-8" standalone="yes" ?>
<addon id="plugin.video.cantobumedia" name="Cantobu Media" version="1.0.11" provider-name="phuoclv">
    <requires>
        <import addon="xbmc.python" version="2.1.0" optional="true" />
		<import addon="script.module.simplejson" />
		<import addon="script.module.simple.downloader" version="1.9.4" />
	</requires>
    <extension point="xbmc.python.pluginsource" library="default.py">
        <provides>video</provides>
    </extension>
    <!--extension point="xbmc.service" library="autorun.py" start="startup"></extension-->
    <extension point="xbmc.addon.metadata">
        <summary>Cantobu Media Entertainment</summary>
		<description>Giải trí trên XBMC/Kodi được viết lại dựa trên addon ITV Plus của tác giả itv member, XShare (thaitni), VietMedia (tinhyeu44), ...</description>
		<disclaimer>Tất cả nội dung được lấy từ Internet - Tôi hoàn toàn không chịu trách nhiệm về bản quyền hay độ ổn định của chương trình</disclaimer>
		<platform>all</platform>
    </extension>
</addon>
